{"cameraMode":{"drawMode":0,"name":"Shaded","section":"Shading Mode"},"sceneLighting":false,"audioPlay":false,"sceneViewState":{"m_AlwaysRefresh":false,"showFog":true,"showSkybox":false,"showFlares":true,"showImageEffects":true,"showParticleSystems":true,"showVisualEffectGraphs":true,"m_FxEnabled":true},"in2DMode":false,"pivot":{"x":0.0007166862487792969,"y":0.853684663772583,"z":-0.005411669611930847},"rotation":{"x":-0.1308756172657013,"y":0.6153736114501953,"z":-0.10456342995166779,"w":-0.7702339887619019},"size":1.285664677619934,"orthographic":false}