{"cameraMode":{"drawMode":0,"name":"Shaded","section":"Shading Mode"},"sceneLighting":true,"audioPlay":false,"sceneViewState":{"m_AlwaysRefresh":false,"showFog":true,"showSkybox":true,"showFlares":true,"showImageEffects":true,"showParticleSystems":true,"showVisualEffectGraphs":true,"m_FxEnabled":true},"in2DMode":false,"pivot":{"x":-2.026700019836426,"y":0.8481744527816773,"z":2.2013888359069826},"rotation":{"x":0.14811424911022187,"y":0.5903174877166748,"z":-0.11124514788389206,"w":0.7856637239456177},"size":2.2039480209350588,"orthographic":false}