{"cameraMode":{"drawMode":0,"name":"Shaded","section":"Shading Mode"},"sceneLighting":false,"audioPlay":false,"sceneViewState":{"m_AlwaysRefresh":false,"showFog":true,"showSkybox":false,"showFlares":true,"showImageEffects":true,"showParticleSystems":true,"showVisualEffectGraphs":true,"m_FxEnabled":true},"in2DMode":false,"pivot":{"x":-0.0739588737487793,"y":0.43478190898895266,"z":-0.1907191276550293},"rotation":{"x":0.07190492004156113,"y":-0.9175375699996948,"z":0.19442924857139588,"w":0.3393998146057129},"size":1.6241343021392823,"orthographic":false}